{
  "initial_pose": [0.0, -7.0, 1.57],
  "goals": [
    [-4.0, 7.0], 
    [-1.0, 7.0], 
    [-2.5, 7.0]
  ],
  
  "poses": [
    [-0.0, -8.0, 1.57],
    [-4.0, -8.0, 1.57],
    [-2.5, -8.0, 1.57]
   ],

  "agents": [
    [-1.662851, -4.881244, 0.0],
    [-1.942911, -5.826442, 0.0],
    [-2.538036, -5.021280, 0.0]
   ]

}