{
  "initial_pose": [0.0, 6.0, -1.57],
  "goals": [
    [0.0, 4.25], 
    [0.0, -4.25]
  ],
  
  "poses": [
    [0.0, -4.25, 1.57],
    [0.0, 3.25, -1.57]
   ],

  "agents": [
    [-2.00, 2.10, 0.0],
    [2.694274, 2.657355, 0.0],
    [2.714108, -0.945546, 0.0],
    [-2.083, -1.470, 0.0]
   ]

}