{
  "initial_pose": [0.0, 6.0, -1.57],
  "goals": [
    [0.0, 6.0], 
    [0.0, -6.0], 
    [4.25, 0.0],
    [-4.25, 0.0]
  ],
  
  "poses": [
    [0.0, -6.0, 1.57],
    [0.0, 6.0, -1.57],
    [-4.25, 0.0, 0.0],
    [4.25, 0.0, -3.14]
   ],

  "agents": [
    [-2.00, 4.10, 0.0],
    [2.994274, 3.957355, 0.0],
    [2.714108, -0.945546, 0.0],
    [-2.083, -1.470, 0.0]
   ]

}