{
  "initial_pose": [8.0, -2.0,   0.0 ],
  "goals": [
    [-7.0, 2.0], 
    [-7.0, -2.0],
    [-7.0, 0.0]
  ],
  
  "poses": [
    [ 8.0, -2.0,   3.14],
    [ 8.0,  2.0,   3.14],
    [ 8.0,  0.0,   3.14 ]
   ],

  "agents": [
    [3.014608, 0.390217, 0.0],
    [-1.857564, -0.685386, 0.0],
    [-8.085175, 0.751799, 0.0],
    [-8.124890, -0.368494, 0.0]
   ]

}